{
	"info": {
		"_postman_id": "687da284-010c-497f-8a37-7c6e22c615ec",
		"name": "Product Manager",
		"schema": "https://schema.getpostman.com/json/collection/v2.1.0/collection.json",
		"_exporter_id": "22097141"
	},
	"item": [
		{
			"name": "Create product",
			"request": {
				"method": "POST",
				"header": [],
				"body": {
					"mode": "urlencoded",
					"urlencoded": [
						{
							"key": "name",
							"value": "will delete test",
							"type": "text"
						},
						{
							"key": "photo",
							"value": "https://onlinegiftools.com/images/examples-onlinegiftools/fire-flames.gif",
							"type": "text"
						},
						{
							"key": "price",
							"value": "1",
							"type": "text"
						}
					]
				},
				"url": {
					"raw": "http://localhost:8000/api/products/create",
					"protocol": "http",
					"host": [
						"localhost"
					],
					"port": "8000",
					"path": [
						"api",
						"products",
						"create"
					]
				}
			},
			"response": []
		},
		{
			"name": "Get All Products",
			"request": {
				"method": "GET",
				"header": [],
				"url": {
					"raw": "http://localhost:8000/api/products",
					"protocol": "http",
					"host": [
						"localhost"
					],
					"port": "8000",
					"path": [
						"api",
						"products"
					]
				}
			},
			"response": []
		},
		{
			"name": "Get One Product",
			"request": {
				"method": "GET",
				"header": [],
				"url": {
					"raw": "http://localhost:8000/api/products/62e14c442b5357b489070a89",
					"protocol": "http",
					"host": [
						"localhost"
					],
					"port": "8000",
					"path": [
						"api",
						"products",
						"62e14c442b5357b489070a89"
					]
				}
			},
			"response": []
		},
		{
			"name": "Edit Product",
			"request": {
				"method": "PUT",
				"header": [],
				"body": {
					"mode": "urlencoded",
					"urlencoded": [
						{
							"key": "name",
							"value": "Live Chicken",
							"type": "text"
						},
						{
							"key": "photo",
							"value": "https://i.pinimg.com/originals/45/02/47/450247e5eaa94934b2853127118018a9.gif",
							"type": "text"
						},
						{
							"key": "price",
							"value": "3.99",
							"type": "text"
						}
					]
				},
				"url": {
					"raw": "http://localhost:8000/api/products/update/62e14c442b5357b489070a89",
					"protocol": "http",
					"host": [
						"localhost"
					],
					"port": "8000",
					"path": [
						"api",
						"products",
						"update",
						"62e14c442b5357b489070a89"
					]
				}
			},
			"response": []
		},
		{
			"name": "Delete Product",
			"request": {
				"method": "DELETE",
				"header": [],
				"url": {
					"raw": "http://localhost:8000/api/products/delete/62e14e4fd00b4c01f6a0d76b",
					"protocol": "http",
					"host": [
						"localhost"
					],
					"port": "8000",
					"path": [
						"api",
						"products",
						"delete",
						"62e14e4fd00b4c01f6a0d76b"
					]
				}
			},
			"response": []
		}
	]
}